,titles
0,Benelli_Nova
1,Grendel_SRT
2,Desert_Tech_Micro_Dynamic_Rifle
3,Springfield_Armory_XD
4,AMT_Automag_Pistol_Series
5,Benelli_R1
6,CZ_700
7,McMillan_M87R
8,Krnka_M1869_Rifle
9,Typhoon_F12
10,Ruger_MP9
11,Barrett_Model_98_Bravo
12,Bushmaster_M17S
13,AS_Val
14,French_M1935_Pistols
15,Remington_XP-100
16,Taurus_Model_44
17,Blaser_F3
18,Colt-Sako_Rifle
19,XM307_%26_XM312
20,Smith_%26_Wesson_3566
21,Stokes_Trench_Mortar
22,Winchester_Model_1887
23,L132A1_smoke_grenade
24,War_Sport_LVOA
25,Colt_New_Frontier
26,Jatimatic
27,NAA_Mini_Revolver
28,Standard_Manufacturing_DP-12
29,Taurus_PT58
30,Burton_1917_LMR
31,Denel_PAW-20
32,Remington_Model_1889
33,Smith_%26_Wesson_Model_610
34,M14_Rifle
35,M1_Carbine
36,M9_Flamethrower
37,Bersa_Thunder_380
38,Astra_Constable
39,SSG_82
40,SVD_Dragunov
41,Colt_Cobra
42,Type_99_cannon
43,Pieper_Revolving_Carbine
44,Smith_%26_Wesson_Model_M%26P_360
45,Remington_Model_11-87
46,MG_151_cannon
47,Valero_M1933_Mortar
48,
49,Model_13_Kugelhandgranate
50,M18A1_Claymore
51,Knight%27s_Armament_Revolver_Rifle
52,
53,M1_Rocket_Launcher_%22Bazooka%22
54,R.S.C._Mle_1917
55,M86_Pursuit_Deterrent_Munition
56,Erma_EMP_44
57,Walther_automatic_shotgun
58,Walther_PPS
59,TM-62_anti-tank_mine
60,Heckler_%26_Koch_XM25
61,Glisenti_Model_1910
62,Beretta_Sniper
63,Weatherby_SA-08
64,(Beverly_Hills_Cop_III)_-_Annihilator_2000
65,Mars_Automatic_Pistol
66,Ruger_P-series_pistol
67,RGR-Rulet-VV_grenade
68,T65_rifle_series
69,SIG-Sauer_716_Series
70,Enfield_Pattern_1856_Cavalry_Carbine
71,Remington_R5_RGP
72,Broqua_%26_Scholberg_Pistols
73,Tromboncino_M28
74,TDI_Vector
75,Artemus_Wheeler_Carbine
76,Saxon_M1873_Revolver
77,Caracal_pistol_series
78,Ruger_GP100
79,ZB-47
80,KGP-9
81,MG15_machine_gun
82,Mk_1_hand_grenade
83,Star_Model_28
84,Glock_pistol_series
85,EAA_Witness
86,M116A1_training_grenade
87,12_Gauge_Pump_Shotgun
88,PTRS-41
89,Smith_%26_Wesson_Schofield
90,Llama_Scorpio
91,MKEK_MPT
92,LaRue_Tactical_OBR
93,MS-2_booby_trap_mine
94,Smith_%26_Wesson_276_Gas_Gun
95,Tower_Percussion_Pistol
96,Alfa_M44
97,Beretta_M12
98,Type_100_Grenade_Launcher
99,Malyuk
100,Browning_Buckmark_Pistol
101,I
102,CZ-G2000
103,SIG_Pro
104,ERYX
105,Rohr_Handgranate
106,
107,Defense_Distributed_Liberator
108,Gevarm_Type_D4
109,ORSIS_T-5000
110,Margolin_MCM
111,Beretta_93R
112,AMC_Auto_Mag_Pistol
113,Valmera_69
114,Gryazev-Shipunov_GSh-6-30
115,Sphinx_AT-2000
116,Springfield_Model_1842
117,Smith_%26_Wesson_39
118,Star_Si35
119,MTs_8
120,Pancor_Jackhammer
121,Smith_%26_Wesson_Model_22
122,Erma_EMP
123,Browning_M3
124,Erma_MP60
125,"1.59-inch_Breech-Loading_Vickers_Q.F._Gun,_Mk_II"
126,SR-88
127,Gepard_anti-materiel_rifle_series
128,Flammenwerfer_41
129,F1_SMG
130,FN_303
131,BS-1_grenade_launcher
132,RDG-2_smoke_grenade
133,Hotchkiss_%22Type_Universal%22
134,Carl_Gustaf_Recoilless_Rifle
135,ZH-29
136,Wz._23_hand_grenade
137,SIG-Sauer_SSG_3000
138,PP-90M1
139,Femaru_37M
140,Brno_ZKK-600_rifle_series
141,AMR-2
142,ENARM_Pentagun
143,Crye_Precision_Six12
144,TS-50_anti-personnel_mine
145,ZB26_Machine_Gun
146,Heckler_%26_Koch_GMG
147,Franchi_SPAS-15
148,Smith_%26_Wesson_Bodyguard_38
149,Beretta_M1934
150,Kahr_K9
151,AEK-919K_%E2%80%9CKashtan%E2%80%9D
152,Baikal_MP-133
153,Remington_Model_8
154,(Aliens)_-_M240_Flamethrower
155,W._W._Marston_Three-Barrel_Derringer
156,Marlin_Model_1894
157,P-64
158,Yakushev-Borzov_Yak-B
159,MBT_LAW
160,LAW_80
161,SIG-Sauer_P230
162,Cane_gun
163,Huot_Automatic_Rifle
164,LPO-50_flamethrower
165,
166,BM-37_Mortar
167,Berezin_UB
168,J.C._Higgins_Shotgun_Series
169,M202_FLASH
170,Smith_%26_Wesson_Model_649
171,VZ_34_hand_grenade
172,DM51_hand_grenade
173,45_mm_anti-tank_gun_M1937_(53-K)
174,Winchester_Model_1890
175,Colt_New_Army_%26_Navy
176,(Stargate:_Atlantis)_-_Ronon%27s_Pistol
177,Kord_heavy_machine_gun
178,Leuchtpistole_42
179,Kel-Tec_PLR-16
180,Ordnance_SBML_2_inch_Mortar
181,Baikal_IZH-43
182,_P-12
183,Zastava_M55
184,Hovea_M1949
185,M47_CS_grenade
186,Magnum_Research_Micro_Eagle
187,Taran_Tactical_Innovations_TR-1
188,Mauser_C96
189,Smith_%26_Wesson_1913
190,Daewoo_K12
191,Smith_%26_Wesson_Model_17
192,Robar_Melior
193,Tranter_Revolver
194,SP81
195,Walther_PK380
196,M102_Howitzer
197,M26_Modular_Accessory_Shotgun_System
198,Nudelman_N-37
199,Knight%27s_Armament_SR-47
200,Barrett_XM500
201,CZ_247_submachine_gun
202,MG131_machine_gun
203,Mk_153_SMAW
204,B-10_recoilless_rifle
205,Norinco_QSZ-92
206,Pauza_P50
207,Bates_%26_Dittus_TBL-37
208,9A-91
209,AA-12
210,Smith_%26_Wesson_Model_57
211,M1917_Chemical_Hand_Grenade
212,Angstadt_Arms_UDP-9
213,AT-13_Saxhorn-2
214,10_Gauge_Double_Barreled_Shotgun
215,Smith_%26_Wesson_5900_pistol_series
216,M52_Hand_Grenade
217,Ten-X_Ammunition_TX-12_Special_Task_Weapon
218,Walther_PPQ
219,Reibel_Machine_Gun
220,Heckler_%26_Koch_MG5
221,
222,American_Derringer_Model_1
223,FIM-92_Stinger
224,Ross_Rifle
225,R-92
226,Sturmgewehr_45(M)
227,Mossberg_144_LS
228,Spencer_1882
229,C14_Timberwolf
230,Lanciafiamme_Modello_35_Flamethrower
231,PP-2000
232,FN_P90
233,Gustloff_Volkssturmgewehr
234,Volcanic_Repeater
235,HS_Produkt_VHS-BG
236,PM-63_RAK_submachine_gun
237,Webley-Fosbery_Automatic_Revolver
238,Warnant_Revolvers
239,(The_Adventures_of_Pluto_Nash)_-_Pulse_Pistol
240,Smith_%26_Wesson_Model_24
241,Mauser_SR-93
242,Mayday_Distress_Signal_Pistol
243,Haenel-Schmeisser_Model_I
244,Manurhin_MR35_Punch
245,APS_Underwater_Assault_Rifle
246,CZ-581
247,Galand_Revolver
248,Korovin_TK
249,SRM_Arms_1200_Series_Shotguns
250,
251,Kimel_AP-9
252,DRD_Tactical_Paratus
253,Borchardt_C-93
254,KS-23
255,Air_Guns
256,Hawk_MM1_grenade_launcher
257,Smith_%26_Wesson_CS_Pistol_Series
258,Baby_Browning
259,RG-14_hand_grenade
260,Smith_%26_Wesson_3900_pistol_series
261,Tellermine_35
262,Chiappa_Triple_Threat
263,Smith_%26_Wesson_Model_500
264,Smith_%26_Wesson_Model_58
265,No._2_Portable_Flamethrower
266,Remington_Model_597
267,Whitworth_Rifle
268,Winchester_Model_1894
269,Evans_Repeating_Rifle
270,Knight%27s_Armament_PDW
271,Smith_%26_Wesson_Model_3
272,FN_FNP
273,Vz._30_Flare_Pistol
274,Colt_CM901
275,LC-T1-M1_flamethrower
276,Mendoza_Puma
277,Patriot_Ordnance_Factory_P416
278,PR-15_Ragun
279,Vickers_K_machine_gun
280,Harrington_%26_Richardson_Revolvers
281,2cm_FlaK_38
282,HJ-8
283,TDI_Kard
284,Beretta_682
285,Type_91_grenade_launcher
286,Ruby_Pistol
287,Astra_357
288,TOZ-66
289,McMillan_M88
290,Panzerschreck
291,Sako_85
292,SIG_MP-310
293,MAS-49
294,TOZ-35
295,Jennings_J-25
296,CZ_805_G1
297,M1917_Revolver
298,No._74_ST_Grenade
299,Colt_Diamondback
300,
301,Remington_Model_12A
302,LeMat_Revolver
303,Mossberg_HS12
304,Smith_%26_Wesson_Model_10
305,MAS-36
306,Franchi_Para
307,ZKR_551
308,Nordenfelt_gun
309,FGM-172_SRAW
310,Walther_TPH
311,Desert_Tactical_Arms_Stealth_Recon_Scout
312,FNA-B_43
313,Smith_%26_Wesson_Model_12
314,PPD-40
315,DShK_heavy_machine_gun
316,Simonov_AVS-36
317,ZVI_Falcon
318,_Super_Redhawk
319,M1_Rifle_Grenade_Launcher
320,Gewehrgranatenger%C3%A4t
321,Star_Model_1914
322,Llama_Martial
323,Jericho_941
324,110_Series_Rifles
325,(Constantine)_-_Holy_Shotgun
326,Glisenti_M1874
327,Smith_%26_Wesson_Model_586
328,St._%C3%89tienne_Mle_1907
329,Walther_P99
330,Greener_Light_Harpoon_Gun
331,Musgrave_Pump_Action
332,M17_Rifle_Grenade
333,Colt_1871-72_Open_Top
334,Beretta_Cx4_Storm
335,Steyr_M1912
336,FG_42
337,VMG_1927
338,Ruger_Old_Army
339,Ruger_Blackhawk
340,F%C3%89G_PA-63
341,RM-38_Mortar
342,Enfield_No._2
343,RDG-M_smoke_grenade
344,Webley_%26_Scott_Mk_I
345,Norton_TP-70
346,Chauchat
347,Percussion_Dueling_Pistol
348,CZ_100
349,Augustin_Model_1851
350,Llama_Comanche
351,BMS_Milcam_Rifle_Series
352,Beretta_U22_Neos
353,Single_Action_Army
354,DefTech_37mm_launcher
355,Tanfoglio_Stock_III
356,Smith_%26_Wesson_469
357,Browning_M1917
358,CAA_Tactical_RONI
359,Heckler_%26_Koch_HK433
360,F%C3%89G_R78
361,Walther_P5
362,M1_Flamethrower
363,Krieghoff_Model_L
364,Heckler_%26_Koch_USP
365,Steyr_Mannlicher_STM-556
366,Norinco_Type_82-2
367,Steyr_M_pistol_series
368,Talk:Beaumont-Adams_Percussion_Revolver
369,FIE_Titan_Tiger
370,Heckler_%26_Koch_FABARM_FP6
371,Smith_%26_Wesson_645
372,Werndl_Rifle
373,Beretta_950_Jetfire
374,FN_Forty-Nine
375,Pindad_SPR
376,FN_Model_1900
377,Armalite_AR-10
378,Farquharson_Rifle
379,M2_Mortar
380,_K2
381,Model_43_Stielhandgranate
382,Walther_Model_SLD
383,M1938_Mortar
384,CETME_Rifle
385,Type_99_Light_Machine_Gun
386,Tanfoglio_Titan_II
387,Leuchtpistole
388,Smith_%26_Wesson_622
389,Silver_Shadow_Gilboa_rifle_series
390,Savage_99
391,Lorcin_L22
392,SAR-80
393,Star_Ultrastar
394,Magpul_PDR
395,SIG-Sauer_P250
396,Pieper_Bayard_1908
397,Krag-J%C3%B8rgensen
398,TM-41_anti-tank_mine
399,Winchester_Model_61
400,Taurus_PT900_Series
401,Jennings_Bryco_59
402,MAS-48
403,Madritsch_ML40
404,SP-21_Barak
405,Harrington_%26_Richardson_Flare_Guns
406,OTs-14_Groza
407,_CZ_70
408,Luger_P08
409,Remington_Model_31
410,Boot_Pistol
411,M67_hand_grenade
412,LWRC_SRT_rifle_series
413,Smith_%26_Wesson_Safety_Hammerless
414,Mannlicher-Schoenauer_1903_carbine
415,Arisaka_Rifle
416,Marlin_Model_995
417,VSSK_Vychlop
418,85_Army_Revolver
419,Harrington_%26_Richardson_Pardner_Pump
420,Olympic_Arms_OA-93
421,M2_Mine
422,RMB-93
423,Orion_Flare_Gun
424,Norinco_QBZ-95
425,Gammon_Grenade
426,M16_rifle_series
427,AG-40
428,Arminius_HW_Revolver_Series
429,SIG_GL_5040
430,SIG_SG_510
431,Cristobal_M2
432,M67_recoilless_rifle
433,NRS-2_Scout_Firing_Knife
434,Accuracy_International_Arctic_Warfare_series
435,Gryazev-Shipunov_GSh-6-23
436,No_3_Incendiary_Bottle
437,Accuracy_International_AX_rifle_series
438,RG-42_hand_grenade
439,Mauser_WTP
440,Smith_%26_Wesson_Model_329PD
441,Mauser_HSc
442,Kel-Tec_P-11
443,SA-18_Grouse
444,Farquhar-Hill_Rifle
445,Bodeo_M1889
446,Norinco_Type_64_Pistol
447,PL-14_Lebedev
448,Gryazev-Shipunov_GSh-23
449,Serbu_Super_Shorty
450,Winchester_Model_62
451,Beretta_Cougar
452,Derya_MK-10
453,Alfa_Flobert_Revolver
454,Wilkinson_Arms
455,Colt_King_Cobra
456,Beretta_M3P
457,M1_Garand
458,Crye_Associates_MR-C
459,No._15_Hand_Grenade_%22Ball%22
460,Zeitz%C3%BCnderhandgranate
461,SKS_rifle
462,Snider-Enfield_Rifle
463,Beretta_Nano
464,Hebel_Flare_Pistol_Model_1894
465,Cobray_37mm_Launcher
466,Accu-Tek_HC-380
467,(Hellboy_I_%26_II)_-_Samaritan
468,Percussion_Cap_Pistol
469,PIAT
470,Luftfaust
471,(Eraser)_-_EM-1_Railgun
472,Remington_Rolling_Block
473,Smith_%26_Wesson_Model_19
474,Bushmaster_Arm_Pistol
475,Manurhin_MR-88
476,PSM
477,Beretta_Tx4_Storm
478,R%C3%B6hm_Revolvers
479,M79_grenade_launcher
480,FN_SLP
481,Steyr_TMP
482,Browning_M1918
483,FN_Minimi
484,Mills_Bomb
485,
486,Smith_%26_Wesson_457
487,Izhmekh_Single_Barreled_Shotgun_Series
488,MG81
489,High_Standard_Model_10
490,Saab_Bofors_Dynamics_RBS_70
491,ZU-23
492,Percussion_Shotgun
493,Benelli_Supernova
494,Kel-Tec_SUB-2000
495,Norinco_Type_64_Submachine_Gun
496,Colt_Trooper
497,Walther_P88
498,Remington_Model_7
499,Colt_Detective_Special
500,Beretta_92_pistol_series
501,Grand_Power_pistol_series
502,Smith_%26_Wesson_Model_637_Airweight
503,ASh-12.7
504,RPG-18
505,Apache_Pepperbox_Revolver
506,
507,M242_Bushmaster_chaingun
508,Iver_Johnson_AMAC-1500
509,Zastava_M93_Black_Arrow
510,ZK-383
511,RPG-7
512,Owen_Submachine_Gun
513,POMZ-2_anti-personnel_mine
514,Fedorov_Avtomat
515,Sten
516,45mm_anti-tank_gun_M1942_(M-42)
517,Federal_Gas_Riot_Gun
518,Degtyaryov_DP_Series_Machine_Gun
519,PMN_mine_series
520,OTs-20_Gnom
521,Remington_Model_51
522,Heckler_%26_Koch_P9S
523,Model_39_Eihandgranate
524,Uzkon_UNG-12
525,TOZ-122
526,Remington_Model_1100
527,(Timecop)_-_Timecop_Beretta
528,SRCM_Mod._35
529,FIM-43_Redeye
530,Alfa_840
531,Blanch-Chevallier_Grenade_Discharger
532,Spectre_M4
533,Rohrbaugh_R9
534,LAR_Grizzly_Big_Boar
535,Tru_Flite_37mm_Super_Long_Range_Gas_Gun
536,Schermuly_Training_Grenade
537,Smith_%26_Wesson_Model_1
538,Sharps_Rifle
539,TD_Multi_Port_Plus_Distraction_Device
540,Astra_960
541,Saritch
542,Browning_Automatic_Rifle_Safari
543,Berdan_Rifle
544,Calico_Series_of_Rifles_and_Pistols
545,M47_Dragon
546,Gepard_PDW
547,(Escape_from_L.A.)_-_Coreburner
548,Breda_Modello_30
549,SLAM
550,Magpul_FMG-9
551,Lahti_L-39
552,Star_Firestar
553,UC-9
554,Rocky_Mountain_Arms_Stakeout
555,Energa_Rifle_Grenade
556,Oerlikon_20mm_Cannon
557,Beretta_M1919
558,TOZ_.22_Caliber_Rifle_Series
559,Panzerfaust_3
560,Halcon_Submachine_Guns_Series
561,Model_24_Stielhandgranate
562,Steyr_AUG
563,RPO-A_%27Shmel%27
564,MAB_Model_C
565,Roth-Steyr_M1907
566,M1903_Springfield
567,Type_100_submachine_gun
568,(Serenity)_-_Mateba_(dressed_up_Mateba_Model_6_Unica)
569,Hotchkiss_M1909
570,MK_108_cannon
571,Smith_%26_Wesson_76
572,Type_96_Light_Machine_Gun
573,Crickett_Rifle
574,LRAC_F1
575,Hammerli_280
576,Sterling_Model_302
577,Type_67_silenced_pistol
578,Derya_Anakon
579,Griswold_%26_Gunnison_Revolver
580,Pallad_grenade_launcher
581,Tikka_595
582,Gryazev-Shipunov_GSh-30
583,_28
584,UTAS_UTS-15
585,Gevarm_.22_Caliber_Rifles_Series
586,OTs-33_Pernach
587,Colt_Lightning
588,Norinco_QJC-88
589,Beretta_80_Series_Pistols_-_%22Cheetah%22
590,OTs-23_Drotik
591,Mistral
592,FN_F2000
593,Type_01_LMAT
594,M18_Recoilless_Rifle
595,Maynard_Single_Shot_Percussion_Carbine
596,Savage_Model_29
597,CornerShot
598,NAA_Guardian
599,Springfield_1861
600,Type_73_Light_Machine_Gun
601,PM-84_Glauberyt
602,Astra_A-100
603,Mine
604,Rafael_Mini-Spike
605,Bernardelli_P-018
606,Kucher_K1
607,Wz._39_Mors
608,M61_Vulcan
609,Beretta_LTLX7000
610,SIG-Sauer_MPX
611,SA-25
612,FN_Barracuda
613,Nemesis_Arms_Vanquish
614,Orita_M1941
615,Type_91_MANPADS
616,Winchester_Model_1866_%22Yellow_Boy%22
617,Zastava_CZ99
618,ShAK-12
619,Chiappa_Rhino
620,AT-4_Spigot
621,U
622,CZ_DUO
623,CZ_805_BREN
624,Star_Model_C-series
625,Novitsky-Fyodorov_Grenade
626,Franchi_SPAS-12
627,Smith_%26_Wesson_915
628,_38
629,Star_Megastar
630,OTs-02_Kiparis
631,Star_Model_30
632,Norinco_QJY-88
633,Hatsan_Escort_Shotgun_Series
634,Winchester_Model_1912
635,Carpati_Md_1974
636,AMT_Backup
637,M80_Rocket_Launcher
638,Ortgies_Pocket_Pistol
639,Hopkins_%26_Allen_Schuetzen
640,Colt_Model_1902_Pistol
641,Schmidt-Rubin_Rifle
642,Beretta_Model_90
643,Riva_Esterina_Black_Widow
644,PF-98
645,M1_Mortar
646,Walther_CCP
647,Arsenal_Strike_One
648,Barrett_REC7
649,McMillan_CS5
650,SilencerCo_Maxim_9
651,(Judge_Dredd)_-_Lawgiver_II
652,INSAS
653,Murata_Rifle
654,Hafthohlladung_Anti_Tank_Mine
655,Granatwerfer_16_Mortar
656,Colt_New_Line
657,Hudson_H9
658,Robinson_Armament_XCR
659,Benelli_M_Series_Super_90_Shotguns
660,Smith_%26_Wesson_Model_60
661,Kel-Tec_PF-9
662,Beretta_3032_Tomcat
663,Madsen_machine_gun
664,GIAT_M621
665,JP_Enterprises_LRP-07
666,SIG_KE7
667,MAC-10
668,Gewehr_43
669,Raven_Arms_MP-25
670,Para-Ordnance_1911_Series
671,Kimber_1911_Series
672,Heckler_%26_Koch_Mark_23
673,Whitney_Kennedy_Rifle
674,Smith_%26_Wesson_Victory_Model
675,M1911_pistol_series
676,Walther_P22
677,Liliput_pistol
678,Nudelman-Rikhter_NR-30
679,MAB_Model_D
680,CZ_527
681,Mk.V_CN_Gas_Grenade
682,Colt_Python
683,TZ-45
684,Heckler_%26_Koch_UMP
685,Maxim
686,Zastava_M88
687,M1_Mine
688,TM-35
689,Hamada_7.65mm_Type
690,Sako_TRG
691,Colt_Dragoon
692,Remington_Model_7400
693,Type_87_Chu-MAT
694,Webley_Revolvers
695,Holland_%26_Holland_Double_Rifle
696,Colt_Model_1908_Vest_Pocket
697,Smith_%26_Wesson_Model_66
698,Type_89_%22Knee_Mortar%22
699,OSP-30_Flare_Pistol
700,Benelli_B76
701,Remington_Model_11-48
702,Unique_Bcf-66
703,L109_hand_grenade
704,Colt_Police_Positive
705,Winchester_Model_37
706,
707,Fakel-S_stun_grenade
708,MATADOR
709,Rossi_Model_68
710,Kimber_K6s
711,Intratec_TEC-22
712,Sedgley_Fist_Gun
713,Model_15_Diskushandgranate
714,M29_Mortar
715,TMRP-6_anti-tank_mine
716,Mauser_86_SR
717,Mauser_Rifle_Series
718,TP-82
719,ZK_466
720,T2_MK5
721,Barrett_M95
722,Kahr_P9
723,Mannlicher_Model_1905
724,Marlin_Model_925
725,M203_grenade_launcher
726,FHJ-84
727,Smith_%26_Wesson_Model_2
728,Steyr_Mannlicher-Schoenauer
729,M1941_Johnson_rifle
730,Republic_Arms_Musler
731,A-91
732,Iver_Johnson_Revolver
733,Ithaca_Mag-10_%22RoadBlocker%22
734,No._34_Egg_Grenade
735,OTO_Mod._35
736,Fort-500_shotgun_series
737,Beretta_96_pistol_series
738,MP-444_Bagira
739,Tokarev_TT-33_Pistol
740,Flobert_Gun
741,Luger_rifle
742,Astra_M200
743,Taurus_Model_608
744,Tokarev_SVT-38
745,CMMG_rifle_series
746,PF-89
747,Mauser_BK-27
748,Madsen_M50
749,ARWEN_ACE
750,Rexim_Favor
751,Pattern_1914_Enfield
752,(James_Bond_007)_-_Golden_Gun
753,CZ_550
754,(The_Matrix)_-_Mouse%27s_Shotguns
755,_Ruger_Vaquero
756,Smith_%26_Wesson_Model_986
757,FAMAS
758,Heckler_%26_Koch_VP70
759,F-1_hand_grenade
760,Kb_ppanc_wz._35
761,Mauser_SR-97
762,MAS_AA-52
763,Smith_%26_Wesson_639
764,Knuckle_Duster
765,(Serenity)_-_Mal%27s_Gun_(dressed_up_Taurus_Model_85)
766,Colt_1849_Pocket
767,AGS-17_Plamya
768,Taurus_PT92
769,
770,Remington_Model_750
771,Remington_Model_SP-10
772,KPV_heavy_machine_gun
773,Ruger_Police_Carbine
774,Baikal_IZH-81
775,Browning_Medalist
776,Karabiner_98k
777,L21A1_RARDEN
778,Smith_%26_Wesson_Model_360
779,Granatwerfer_34_Mortar
780,II
781,M14_anti-personnel_mine
782,Assassination_Device
783,
784,Cooey_Model_600
785,X_F1_hand_grenade
786,12_Gauge_Semiautomatic_Shotgun
787,PGM_sniper_rifle_series
788,FN_SPR
789,Hi-Point_Firearms
790,Valmet_Assault_Rifle_Series
791,Nambu_Type_A_1902
792,Velo-Dog_Revolver
793,Steyr-Solothurn_S2-200
794,CZ_52
795,FX-05_Xiuhcoatl
796,M120_mortar
797,M7_Rifle_Grenade_Launcher
798,Bren_gun
799,Sa_vz._61_Skorpion
800,EDM_Arms_Windrunner
801,Magnum_Research_Lone_Eagle
802,SPP-1_Underwater_Pistol
803,Instalaza_C90
804,CZ_38
805,Nudelman-Nemenov_NN-30
806,(Day_of_the_Jackal)_-_Custom_Sniper_Rifle
807,Menz_Model_II
808,AK-12
809,Beretta_470_Silver_Hawk
810,Non_Guns
811,M5_Pyrotechnic_Discharger
812,Smith_%26_Wesson_Model_13
813,STI_GP6
814,No._77_Smoke_Grenade
815,Smith_%26_Wesson_4000_pistol_series
816,Beretta_GLX-160
817,SIG-Sauer_P220_pistol_series
818,Enfield_SA80
819,Webley_No._1_Mark_1_flare_gun
820,Smith_%26_Wesson_Model_581
821,Wildey_Hunter
822,Heckler_%26_Koch_HK33
823,SIG_MKMS
824,Tikka_T3
825,Winchester_Model_1906
826,RPD
827,Daewoo_K7
828,Walther_Model_9
829,Mossberg_146-B
830,Lee-Enfield_rifle_series
831,Bushmaster_ACR
832,Stevens_Model_67
833,Smith_%26_Wesson_Model_340PD
834,Thompson_Submachine_Gun
835,FN_Ballista
836,Colt_2nd_Model_Derringer
837,Perino_Machine_Gun
838,Nebelhandgranate_39
839,Beretta_76
840,7.5_cm_Pak_40
841,Chassepot_1866
842,Heckler_%26_Koch_HK770
843,Heckler_%26_Koch_UCP
844,Breda_Modello_37
845,S-Mine
846,Type_92_Heavy_Machine_Gun
847,Type_11_Light_Machine_Gun
848,Adams_Revolver
849,Lebel_1886
850,General_Liu_Rifle
851,Mechem_NTW-20
852,(Wanted)_-_Rogue_Assassin_Sniper_Rifle
853,Remington_Nylon_66
854,Sa_vz._23_submachine_gun_series
855,Marlin_Model_336
856,Mauser_Gewehr_1898
857,Mossberg_500_series_shotgun
858,Korth_Combat
859,QLG-10A
860,Reising_Submachine_Gun
861,M34_White_Phosphorous_grenade
862,OSV-96
863,Colt_Woodsman
864,Fostech_Origin-12
865,MILAN
866,Bren_Ten
867,Colt_Model_1878
868,Smith_%26_Wesson_Model_327
869,Browning_BLR_81
870,Winchester_Model_70
871,Steyr_M1908
872,Browning_BDM
873,Browning_M2
874,Browning_Auto-5
875,PGW_Coyote
876,Stevens_Crackshot
877,FARA_83
878,GP-series_grenade_launcher
879,HS_Produkt_VHS
880,RGD-5_hand_grenade
881,Barrett_M99
882,McMillan_Tactical_Rifles
883,Taurus_Model_80
884,Br%C3%BCgger_%26_Thomet_GL-06
885,Rossi_Overland
886,SIG_SG_550
887,
888,Goryunov_SG-43_Machine_Gun
889,Bergmann_1896
890,Winchester_Model_88
891,Colt_Thuer_Derringer
892,Vektor_SP1
893,USAS-12
894,Campo_Giro
895,Double_rifle
896,M9A1_Rifle_Grenade
897,MTs_21-12
898,Smith_%26_Wesson_Model_40
899,Colt_Model_1855
900,FN_Five-seveN
901,VZ_21_hand_grenade
902,SK_1878_shotgun
903,Wheellock
904,Mateba_2006M
905,Milkor_MGL
906,MG34
907,Walther_P38
908,37-mm_M1939_(61-K)
909,Smith_%26_Wesson_Model_64
910,Norinco_Type_86S
911,Mauser_1918_T-Gewehr
912,Remington_SR8
913,Remington_RSASS
914,Beretta_M1915
915,Winchester_Model_52
916,Galil
917,Stoner_63
918,MAB_Model_R
919,Smith_%26_Wesson_Model_2_Double_Action
920,5_cm_Pak_38
921,Model_15_Stielhandgranate
922,Heckler_%26_Koch_HK_series_machine_guns
923,VBR-Belgium_PDW
924,M26_hand_grenade
925,Type_99_hand_grenade
926,MAG_Pistol
927,William_Moore_%26_Co._Shotgun_8_ga.
928,Mauser_Pocket_Pistol
929,Steyr_SSG_69
930,Smith_%26_Wesson_Model_317
931,F1_hand_grenade
932,7.7_cm_Feldkanone_96_n._A.
933,
934,Heckler_%26_Koch_P11
935,
936,Smith_%26_Wesson_Model_37_Airweight
937,Kimber_Solo
938,Lorcin_L380
939,Modern_Sub_Machine_Carbine
940,Mendoza_M1934_LMG
941,Remington_Model_500_series
942,Noveske_Rifleworks_rifle_series
943,PSL_Sniper_Rifle
944,Starr_Army_Revolver
945,
946,Pedersen_Rifle
947,Ruger_22_Charger
948,Tokyo_Arsenal_Experimental_Submachine_Gun
949,Remington_Model_770
950,Solothurn_S-18_20mm_Anti-Tank_Rifle
951,Matchlock
952,Afanasev_A-12.7
953,GM-94_grenade_launcher
954,Armbrust_ATW
955,DIO_KH2002
956,Webley-Bentley_Percussion_Revolver
957,
958,Bersa_BP9CC
959,Browning_BDA
960,Winchester_Model_1876
961,De_Lisle_Carbine
962,Weatherby_Mark_V
963,Smith_%26_Wesson_Model_640
964,Vektor_SS-77
965,RG-6_grenade_launcher
966,Breda_PG
967,Lorcin_L25
968,Ruger_LCP
969,Remington_R4
970,Browning_22_Semi-Auto
971,GPBO-40
972,M72_LAW
973,ZK_476
974,TiSAS_Zigana
975,RG-12_hand_grenade
976,No._27_Smoke_Grenade
977,Davy_Crockett_Weapon_System
978,XT-97
979,
980,Sauer_1930
981,Remington_Model_887
982,Webley_%22WG%22_Army_Model
983,Molot_Vepr
984,(Red_Scorpion)_-_Russian_Assault_Rifle
985,Smith_%26_Wesson_4th_Model
986,American-180
987,Riva_Esterina_Dobermann
988,PFM-1_Lepestok
989,Merwin_Hulbert_Model_Revolver
990,Saab_Bofors_Dynamics_AT4
991,Nudelman-Rikhter_NR-23
992,Taurus_Curve
993,Taurus_Model_65
994,Vektor_Z88
995,Ruger_M77
996,Mossberg_MVP
997,(Avatar)_-_%22WASP_Gun%22_-_Custom_Break-open_Revolver
998,Smith_%26_Wesson_Model_15
999,Goncz_GA
1000,Browning_M1919
1001,_Mk_III_Pistol
1002,Winchester_Model_1886
1003,LU_216_hand_grenade
1004,Wilson_Combat_ADP
1005,Heckler_%26_Koch_G3
1006,Welrod_Pistol
1007,Saiga_rifle_series
1008,Detonics_Pocket_9
1009,CETME_Model_L
1010,Jennings_J-22
1011,Colt_Open-Top
1012,Hotchkiss_M1914_Machine_Gun
1013,Tokarev_M1927
1014,
1015,Smith_%26_Wesson_3000_Shotgun
1016,Heckler_%26_Koch_HK_rifle_series
1017,Taurus_Tracker
1018,Ribeyrolles_1918_Automatic_Carbine
1019,Smith_%26_Wesson_1000_pistol_series
1020,Alfa_2330
1021,Mondrag%C3%B3n_Rifle
1022,Hawken_rifle
1023,Walther_Model_4
1024,M2_Flamethrower
1025,Blyskawica
1026,(Red_Heat)_-_Podbyrin_9.2_mm_Pistol
1027,Philadelphia_Derringer
1028,Beaumont-Vitali_Rifle
1029,Colt_Mustang
1030,Truvelo_CMS
1031,Vickers-Berthier
1032,Hilton_Multi-Purpose_Gun
1033,Vis_wz._35_Radom_pistol
1034,Remington_1858_New_Army
1035,Zastava_M83
1036,Sako_75
1037,Remington_Vest_Pocket
1038,FP-45_Liberator
1039,Heckler_%26_Koch_MP7
1040,DF_37_hand_grenade
1041,Nambu_Type_14
1042,Ruger_LCR
1043,RPG-26
1044,Heckler_%26_Koch_G11
1045,Franz_Stock_Pistol
1046,Ballester-Molina
1047,Colt_1895_Automatic_Machine_Gun
1048,Ruger_SP101
1049,ZVI_Plamen_PL-20
1050,Stoeger_Model_2000
1051,Smith_%26_Wesson_539
1052,RPG-29
1053,Dagger_SAP6
1054,(The_Man_from_U.N.C.L.E.)_-_UNCLE_Custom_Pistol
1055,Nagant_Revolver
1056,Lanchester_Mk._I
1057,Smith_%26_Wesson_M%26P
1058,M14_incendiary_grenade
1059,Sj%C3%B6gren
1060,Remington_Model_721
1061,FN_FNC
1062,Smith_%26_Wesson_439
1063,Heizer_Defense_DoubleTap
1064,Savage_1907
1065,Smith_%26_Wesson_59
1066,Colt_Junior
1067,PTRD-41
1068,Ultimax_100
1069,Harrington_%26_Richardson_Pardner
1070,Chauchat-Ribeyrolles_1918_submachine_gun
1071,FN_Model_1949
1072,V40_Mini_Grenade
1073,Steyr-Pieper_M1909
1074,P-83_Wanad
1075,Sturmgewehr_44
1076,OF_37_hand_grenade
1077,Remington_Model_10
1078,Flintlock_Musket
1079,Sumitomo_NTK-62
1080,Winchester_Model_1897
1081,Smith_%26_Wesson_Model_629
1082,Heckler_%26_Koch_HK4
1083,Shipunov_2A42
1084,GIAT_M693
1085,Remington_1875
1086,XM148_grenade_launcher
1087,Sako_M995_TRG-S
1088,Colt_1851_Navy
1089,Sauer_202
1090,FN_MAG
1091,Star_Z-84
1092,Beretta_M1951
1093,GSh-18
1094,Steyr_HS_.50
1095,RPG-43_Anti-tank_Grenade
1096,Smith_%26_Wesson_61_Escort
1097,(The_Terminator)_-_General_Dynamics_RSB-80_Plasma_Gun
1098,Kel-Tec_PMR-30
1099,Heckler_%26_Koch_MG4
1100,Barrett_M82
1101,Trapdoor_Springfield_Rifle
1102,Ithaca_37
1103,Becker_machine_gun
1104,H._Koon_Snake_Charmer
1105,MAS-38
1106,Type_67_stick_grenade
1107,GOL_sniper_rifle
1108,Type_97_Infantry_Mortar
1109,Webley-Pryse_Revolver
1110,Merkel_Model_147_SL
1111,Armscor_M30_Series_Shotguns
1112,Williamson_derringer
1113,Franchi_PA3
1114,SIG-Sauer_MCX
1115,Queen_Anne_Flintlock_Pistol
1116,Heckler_%26_Koch_P7_pistol_series
1117,Z-M_LR_300
1118,Steyr_IWS_2000
1119,Thompson_Center_Arms_Contender_Rifle
1120,Lobaev_Arms_DVL-10
1121,Colt_1860_Army
1122,Smith_%26_Wesson_916_Shotgun_Series
1123,Spitfire_Carbine
1124,Baker_Rifle
1125,Ruger_Mini-14
1126,Winchester_Model_120
1127,(Stargate:_Atlantis)_-_Particle_Magnum
1128,ROKS_flamethrowers
1129,Sage_Control_Rotary_Launchers
1130,DPMS_M-37_Flare_Launcher
1131,Davis_P-32
1132,(Blade:_Trinity)_-_Bone_Jack
1133,Daewoo_K3
1134,2cm_FlaK_30
1135,PzB_39
1136,FN_SCAR
1137,Colt_1862_Navy
1138,Hera_Arms_CPE
1139,Breda-SAFAT_machine_gun
1140,Valmet_M78
1141,High_Standard_Derringer
1142,Howa_M1500
1143,M8_flare_pistol
1144,Marlin_Model_25
1145,Heckler_%26_Koch_MP5
1146,Smith_%26_Wesson_.32_Hand_Ejector_Third_Model
1147,M230_Chain_Gun
1148,IZh-27
1149,BGM-71_TOW
1150,Victrix_Scorpio_TCT
1151,Benelli_MP95E
1152,LAD_machine_gun
1153,M18_smoke_grenade
1154,Patriot_Ordnance_Factory_PSG
1155,Ordnance_ML_3_inch_Mortar
1156,Remington_Mark_III_Flare_Pistol
1157,RGN_fragmentation_grenade
1158,Heckler_%26_Koch_HK69A1
1159,Blaser_B95
1160,Rocky_Mountain_Arms_Patriot
1161,Roger_%26_Spencer
1162,MG42
1163,A
1164,Kropatschek_Rifle
1165,Unique_Alpine_TPG-1
1166,Manurhin_MR-73
1167,Browning_Hi-Power
1168,QCW-05
1169,Browning_2000
1170,Type_10_Flare_Pistol
1171,Armalite_AR-17
1172,Infantry_Musket_M1845
1173,Taurus_PT57
1174,No.1_Mk.I_Cup_Discharger
1175,Smith_%26_Wesson_Sigma
1176,Manufrance_Rapid
1177,Taurus_Judge
1178,_K5_Pistol
1179,Beretta_Model_38
1180,Bentley_and_Playfair_Double_Rifle
1181,Fort-12
1182,Smith_%26_Wesson_Model_620
1183,97_Revolver
1184,Heckler_%26_Koch_G36
1185,FAMAE_SAF
1186,Manurhin_MR-93
1187,Saiga_shotgun_series
1188,International_Ordnance_MP2
1189,AT-14_Spriggan
1190,Heckler_%26_Koch_P2A1_Flare_Pistol
1191,No._2_Hand_Grenade_%22Hale%22
1192,CZ_452
1193,Mossberg_5500
1194,Sauer_38H
1195,CIS_40_GL
1196,PK_Machine_Gun
1197,Molot_Bekas-M
1198,Smith_%26_Wesson_No._3_Russian_Model
1199,Colt_Lightning_Carbine
1200,MAB_PA-15
1201,Magnum_Research_BFR
1202,MP40
1203,Knight%27s_Armament_Stoner_LMG
1204,MRG-1_Ogonyok
1205,SA-14_Gremlin
1206,Triple_Action_Thunder
1207,Pontiac_M39
1208,CZ_P-10
1209,Smith_%26_Wesson_Model_617
1210,Manufrance_Le_Fran%C3%A7ais
1211,SIG_SG_540
1212,Colt_Model_1903_Pocket_Hammer
1213,Tabuk_Sniper_Rifle
1214,Thompson_Center_Arms_Contender
1215,PWS_MK1_rifle_series
1216,No._69_High-Explosive_Grenade
1217,Iver_Johnson_Eclipse_Derringer
1218,Hawk_shotgun_series
1219,United_Defense_M42
1220,Protector_Palm_Pistol
1221,Techno_Arms_MAG-7
1222,RPG-22
1223,Smith_%26_Wesson_SW99
1224,Darne_machine_gun
1225,ADEN_cannon
1226,Chiappa_Double_Eagle_Derringer
1227,Armalite_AR-18
1228,(Aliens)_-_M56_Smart_Gun
1229,General_Dynamics_Lightweight_Medium_Machine_Gun
1230,R_wz._42_%22Sidol%C3%B3wka%22
1231,Winchester_Model_100
1232,Astra_680
1233,Akkar_Karatay
1234,(Aeon_Flux)_-_Shock_Trooper_Rifle
1235,SIG-Sauer_P365
1236,Rossi_Model_851
1237,(Hellboy_I_%26_II)_-_Big_Baby
1238,Bushmaster_Carbon_15
1239,Yarygin_PYa
1240,SIG-Sauer_P320
1241,Bofors_40mm
1242,Smith_%26_Wesson_910
1243,Seecamp_LWS
1244,Ruger_Model_44
1245,Type_94_pistol
1246,Flintlock_Pistol
1247,Wyoming_Arms_Parker_S.S._Pistol
1248,Howa_Type_64
1249,Keppeler_%26_Fritz_KS_II_Precision
1250,MAS-44
1251,IMI_Negev
1252,Norinco_LG3_automatic_grenade_launcher
1253,Type_97_light_machine_gun
1254,Remington_1863_Zouave
1255,M7_CS_gas_grenade
1256,Smith_%26_Wesson_659
1257,Thunder_5
1258,AAC_Honey_Badger
1259,Herters_SA22
1260,Remington_1866_Derringer
1261,Marlin_Model_983
1262,Smith_%26_Wesson_Model_34
1263,Lorenz_Rifle
1264,Marlin-Ballard_Rifle_Series
1265,LWRC_SMG-45
1266,M60_machine_gun
1267,TOZ-34
1268,Bolt_Action_Rifles_-_Most_common_Sporting_Models
1269,"Kochetov_NK-8,2"
1270,Browning_BPS
1271,INDEP_Lusa
1272,Kolibri_Pistol
1273,Enfield_Pattern_1853
1274,Benelli_Vinci
1275,PP-90
1276,Smith_%26_Wesson_Bodyguard_380
1277,Beretta_ARX-160
1278,Mossberg_930
1279,Sommer_%26_Ockenfuss_Griffrepetierer
1280,Serdyukov_SPS
1281,Bergmann_MP18
1282,"(6th_Day,_The)_-_%22Foosh%22_Gun"
1283,Hi-Standard_Sentinel_Revolver
1284,LAR_Grizzly_Pistol
1285,Winchester_Model_1873
1286,QJZ-89
1287,High_Standard_Flite_King_Shotgun_Series
1288,Ithaca_Auto_%26_Burglar
1289,Norinco_Type_67
1290,Model_9590_Sting-Ball_Grenade
1291,Povzbroj_PS-97_Arrow
1292,M91_series_machine_pistol
1293,Kel-Tec_KSG
1294,Vigneron_M2
1295,Frommer_Liliput
1296,Beretta_418
1297,(Ghost_Recon)_-_Crye_Associates_MR-C
1298,Keppeler_KS_V_Bullpup_Sniper
1299,MTs255
1300,Robar_RC-50
1301,RPG-2
1302,Chatellerault_Light_Machine_Gun
1303,Volkssturmkarabiner_VK-98
1304,M40_Recoilless_Rifle
1305,A_Avenger
1306,RSh-12
1307,FN_Trombone
1308,Arsenal_Firearms_AF2011-A1
1309,RPG-32
1310,Beretta_Model_70
1311,CZ_27
1312,Heckler_%26_Koch_HK45
1313,Mle_1892_Revolver
1314,AK-9
1315,M85_heavy_machine_gun
1316,Knight%27s_Armament_Masterkey
1317,MK3_offensive_hand_grenade
1318,MP-412_REX
1319,Webley_RIC
1320,Werder_M1869
1321,Mateba_MTR-8
1322,
1323,Steyr_Scout
1324,Savage_Arms_AXIS
1325,Mateba_Autorevolver
1326,ABM
1327,Model_5
1328,(Starship_Troopers)_-_Morita_Rifle_Series
1329,Norinco_QBU-88
1330,Rheinmetall_Rh_202
1331,OTs-27_Berdysh
1332,Type_79_Jyu-MAT
1333,Taurus_Model_85
1334,Schermuly_Multi-Purpose_Gun
1335,(The_Man_from_U.N.C.L.E.)_-_THRUSH_Carbine
1336,Marlin_Model_1893
1337,Mk_2_hand_grenade
1338,Enfield_Mk_II
1339,AR-57
1340,Astra_Terminator
1341,Norinco_Type_05
1342,Winchester_Model_1895
1343,DRD_Tactical_M762
1344,Charter_Arms_Undercover
1345,Nambu_Experimental_Submachine_Gun
1346,Remington-Keene_Repeating_Rifle
1347,Sphinx_3000
1348,Kel-Tec_RFB
1349,Ruger_SR9
1350,Webley_Bulldog
1351,Winchester_Model_1892
1352,M73_machine_gun
1353,Bersa_Thunder_9
1354,Cheyenne_Tactical_M-200_Intervention
1355,(Terminator_2:_Judgment_Day)_-_Westinghouse_M95A1_Phased_Plasma_Rifle
1356,Nambu_Model_60
1357,Smith_%26_Wesson_Model_460
1358,Marlin_Model_Golden_39A
1359,Hotchkiss_Model_1922
1360,Holzmine_42
1361,MG17_machine_gun
1362,(Starship_Troopers_3)_-_Morita_Mk_III
1363,Webley_%26_Scott_Signal_Pistols
1364,Franchi_LF-57
1365,Marlin_Camp_Carbine
1366,Unique_Rr_51
1367,Lahti_L-35
1368,TOZ-194
1369,Bergmann-Bayard
1370,Smith_%26_Wesson_669
1371,Armalite_AR-7
1372,Type_1_Heavy_Machine_Gun
1373,Sterling_SMG
1374,No._73_Grenade
1375,Browning_Automatic_Rifle
1376,Beretta_21_Bobcat
1377,FN_Tactical_Police
1378,Marlin_Model_1895
1379,CZ_Scorpion_Evo_3_series
1380,Afanasev-Makarov_AM-23
1381,Baikal_MP-153
1382,Smith_%26_Wesson_Model_386
1383,Type_53_Flare_Gun
1384,DEFA_cannon
1385,Granatwerfer_42_Mortar
1386,Ramo_RT-37
1387,Smith_%26_Wesson_Model_296_AirLite_TI
1388,Boys_anti-tank_rifle
1389,Zijiang_M99
1390,UK_vz._59
1391,Saab_Bofors_Dynamics_CBJ-MS
1392,Smith_%26_Wesson_Model_442
1393,AK-74
1394,M83_Smoke_Grenade
1395,SPSh_Flare_Pistol
1396,XM556_Microgun
1397,Remington_Model_11-96
1398,Izhmash_PP-19
1399,(Dredd)_-_Lawgiver_Mk._II
1400,(Van_Helsing)_-_Custom_Revolvers
1401,Armsel_Striker_and_variants
1402,LG1_grenade_launcher
1403,Spike
1404,Ansch%C3%BCtz_.22_Caliber_Rifles_Series
1405,Marlin_Model_1881
1406,M15_White_Phosphorous_grenade
1407,Colt_Official_Police
1408,Alfa_820
1409,Llama_Pistol_Series
1410,Howdah_Pistol
1411,Mossberg_835_Ulti-Mag
1412,SIG-Sauer_P238
1413,GT
1414,Sauer_1913
1415,MAB_Model_B
1416,Mk_47_Mod_0_Grenade_Launcher
1417,(Aliens)_-_M41A_Pulse_Rifle
1418,Steyr_Mannlicher_M1895
1419,Vickers
1420,Colt_1878_Double_Action
1421,Browning_BDA_380
1422,Stechkin_APS
1423,Beretta_BM59
1424,SDK_silenced_rifle
1425,Krebs_Custom_rifle_series
1426,Volkov-Yartsev_VYa-23
1427,_Vz.37
1428,Tokarev_SVT-40
1429,Dyakonov_Rifle_Grenade_Launcher
1430,NeoStead_2000
1431,Type_82_hand_grenade
1432,Heckler_%26_Koch_AG_grenade_launcher_series
1433,Smith_%26_Wesson_459
1434,Smith_%26_Wesson_Model_32
1435,Colt_Pocket_Positive
1436,KSVK
1437,M134_Minigun
1438,22_LR_Pump_Action_Rifles
1439,F%26D_Defense_rifle_series
1440,Tavor_TAR-21_rifle_series
1441,Kimar_Very_Flare_Pistol
1442,(Avatar)_-_GS-221_Base_Carbine_Unit
1443,Pancerovka_P-27
1444,Miroku_Liberty_Chief
1445,Rossi_Model_51
1446,Spencer_1860_Carbine
1447,American_Derringer_DA_38
1448,Heckler_%26_Koch_CAWS
1449,Percussion_Pocket_Pistol
1450,Jam_Tin_Grenade
1451,PROM-1_anti-personnel_mine
1452,MON-50_anti-personnel_mine
1453,Knight%27s_Armament_SR-15
1454,RPK
1455,SPG-9_recoilless_rifle
1456,Type_85_heavy_machine_gun
1457,AEK_rifle_series
1458,Smith_%26_Wesson_Model_67
1459,Parabellum_MG14
1460,DS-II
1461,Jaeger_Rifle
1462,Winchester_Super_X3
1463,Zarya_stun_grenade
1464,Milkor_Stopper
1465,Hotchkiss_Mountain_Gun
1466,MAT-49
1467,DPMS_rifle_series
1468,Mauser_SP66
1469,Starstreak_HVM
1470,BRNO_Model_22F
1471,Taurus_Millennium_Pro
1472,Smith_%26_Wesson_Model_638_Airweight
1473,MSBS_Series
1474,Smith_%26_Wesson_6900_pistol_series
1475,Viven-Bessi%C3%A8res_Rifle_Grenade_Launcher
1476,M75_Hand_Grenade
1477,Type_97_hand_grenade
1478,Sharps_Pepperbox
1479,Degtyaryov_DS-39
1480,Dakota_T-76_Longbow
1481,Rossi_Circuit_Judge
1482,Korriphila_HSP-701
1483,Blank_Fire_Only_Guns
1484,Fort-17
1485,Smith_%26_Wesson_Model_681
1486,Cobra_Derringer
1487,Norinco_Type_63
1488,Tanegashima
1489,Shorts_Blowpipe
1490,Smith_%26_Wesson_Model_20
1491,Dan_Wesson
1492,Remington_Model_572
1493,RPG-NH-75
1494,Type_3_Heavy_Machine_Gun
1495,Ares_Shrike
1496,Tellermine_42
1497,Manurhin_MR-96
1498,Metal_Storm_Weapons
1499,SIA_Model_1918
1500,M20_Recoilless_Rifle
1501,Walther_Creed
1502,MKEK_JNG-90
1503,Armalite_AR-50
1504,Knight%27s_Armament_SR-25
1505,Sa_vz._58
1506,Browning_Challenger_II
1507,Mk_19_Grenade_Launcher
1508,M23_Haanbombe
1509,MBA_Gyrojet
1510,FAD_Assault_Rifle
1511,Steyr_GB
1512,85mm_Air_Defense_Gun_M1939_(52-K)
1513,EAA_Thor
1514,SA-7_Grail
1515,Remington_Model_30
1516,7600_Rifle
1517,Unique_Model_L
1518,Vetterli_Rifle
1519,Mosin_Nagant_Rifle
1520,Vepr-12
1521,Walther_Model_8
1522,Beretta_Px4_Storm
1523,Smith_%26_Wesson_4500_pistol_series
1524,WIST-94
1525,Beretta_Model_RS-202_M2
1526,Steyr_MP34
1527,Taurus_Model_817_ULC
1528,MG13
1529,Rock_River_Arms_LAR-15_rifle_series
1530,Uzi
1531,Franchi_LAW-12
1532,Taurus_Model_689
1533,Gewehr_41
1534,Kel-Tec_SU-16
1535,(Battle_Royale_II:_Requiem)_-_Type_03_BR_Rifle
1536,CZ_750
1537,Lewis_Gun
1538,FN_EGLM
1539,Br%C3%BCgger_%26_Thomet_VP9
1540,RGD-33_stick_grenade
1541,Standsch%C3%BCtze_Hellriegel_1915
1542,Victor_Collete_Pepperbox
1543,CZ_75
1544,Elgin_Cutlass_Pistol
1545,Beretta_M1923
1546,SIG-Sauer_516_Series
1547,ST_Kinetics_CPW
1548,Shpitalny-Komaritski_ShKAS
1549,LASERAIM_series
1550,Bor
1551,Model_7290_flashbang_grenade
1552,Semmerling_LM-4
1553,Ckm_wz.30
1554,Henry_1860
1555,Pindad_SS2
1556,Smith_%26_Wesson_52
1557,FABARM_STF_12
1558,China_Lake_Launcher
1559,ASP_2000
1560,M79_Osa
1561,Charter_Arms_Bulldog
1562,Shpitalnyi-Vladimirov_ShVAK-20
1563,Flintlock_Fowler
1564,Autauga_Mk_II
1565,Vektor_CP1
1566,(Deep_Rising)_-_M1-L1_Triple-Pulse_Rifle
1567,Colt_Paterson_1836
1568,Salient_Arms_International_GRY
1569,Chamelot-Delvigne_Model_1873
1570,Colt_Mk_12_cannon
1571,Tanfoglio_TZ-75
1572,Walther_WA_2000
1573,Troy_M7A1
1574,Unique_X-51
1575,M15_anti-tank_mine
1576,Remington_Model_700
1577,Smith_%26_Wesson_41
1578,Frommer_Stop
1579,K31_Rifle
1580,M224_Mortar
1581,Smith_%26_Wesson_945
1582,Springfield_Armory_1911_Series
1583,AT-5_Spandrel
1584,ASP_9
1585,Kimber_Model_84
1586,Izhmash_SV-98
1587,M8_smoke_grenade
1588,Reichsrevolver_M1879
1589,Smith_%26_Wesson_Model_65
1590,Winchester_Model_1907
1591,Remington_New_Line_No.1
1592,Smith_%26_Wesson_Model_25
1593,Bauer_.25_Automatic
1594,Bernardelli_Model_69
1595,Kbsp_wz._38M
1596,Smith_%26_Wesson_Model_14
1597,Parker-Hale_M-85
1598,D%26L_MR-30_PG
1599,Gatling_Gun
1600,Charter_Arms_Off_Duty
1601,Flash-Ball
1602,Izhmekh_IZh-56
1603,FN_FAL
1604,LR3
1605,Star_1911_Series
1606,High_Standard_HDM
1607,Taurus_Model_66
1608,AIG_Asymmetric_Warrior_ASW338LM
1609,Taurus_Model_431
1610,MTE_224_V
1611,Nock_Gun
1612,Chatellerault_Percussion_Pistol
1613,Single_Barreled_Shotgun
1614,Winchester_1885_High_Wall
1615,AA_Gun
1616,Norinco_Type_77
1617,Browning_A-Bolt
1618,Taurus_Model_605
1619,AK-47
1620,Heckler_%26_Koch_P30
1621,Norinco_Type_81
1622,Granatwerfer_36_Mortar
1623,ARWEN_37
1624,Valmet_Model_412
1625,Colt_Anaconda
1626,FIE_Titan
1627,Blaser_R93
1628,Enfield_EM-2
1629,Walther_PP_Pistol_Series
1630,Smith_%26_Wesson_Model_686
1631,Intratec_TEC-38
1632,Colt_.22_Target_Model
1633,Gasser_Revolvers
1634,Oerlikon_Contraves_KBA
1635,PPSh-41
1636,NSV_heavy_machine_gun
1637,LMT_rifle_series
1638,Marlin_Model_1889
1639,Heckler_%26_Koch_VP9
1640,(In_The_Line_of_Fire)_-_Composite_Pistol
1641,Smith_%26_Wesson_Model_627
1642,Desert_Eagle
1643,No._79_Smoke_Grenade
1644,Kabyle_Musket
1645,Zastava_M56
1646,Parinco_Model_3R
1647,Bushmaster_BA50
1648,FABARM_SAT_8
1649,Bernardon-Martin_M1909
1650,Smith_%26_Wesson_44_Hand_Ejector_Series
1651,Manurhin_F1
1652,Kentucky_Flintlock_Rifle
1653,Mannlicher_Model_1903
1654,Iver_Johnson_Model_55
1655,(Blade_Runner)_-_LAPD_2019_Blaster
1656,Unique_Model_D
1657,EKOL_series
1658,MTs_20_shotgun_series
1659,QBS-09
1660,Star_Z-62
1661,ZK_503
1662,12_Gauge_Double_Barreled_Shotgun
1663,Webley_No.5
1664,Heckler_%26_Koch_P2000
1665,Remington_MSR
1666,_M3A1_%22Grease_Gun%22
1667,Izhmash_SV-99
1668,Type_26_Revolver
1669,Quackenbush_rifle
1670,_Intratec_TEC-9
1671,SIG_MG50
1672,GIAT_30
1673,Akdal_Ghost_TR-02
1674,MagTech_MT_586
1675,WKW_Wilk
1676,AT-3_Sagger
1677,Steyr_SSG_08
1678,Sphinx_AT-380
1679,QW-2_Vanguard_2
1680,Minomet_vz.52
1681,Allen_%26_Thurber_Pepperbox
1682,Norinco_QLZ-87
1683,AMSD_OM_50_Nemesis
1684,Br%C3%BCgger_%26_Thomet_APC9
1685,Jennings_Bryco_38
1686,Carcano_Rifle_Series
1687,AN-94
1688,2B14_Podnos_Mortar
1689,Breda_Mod._35
1690,Smith_Carbine
1691,DSR-Precision_DSR-1
1692,Rossi_Model_971
1693,Alexander_Arms_.50_Beowulf
1694,Kedr_PP-91
1695,M30_Luftwaffe_Drilling
1696,Haenel_RS9
1697,Model_16_Stielhandgranate
1698,Einstossflammenwerfer_46
1699,Mauser_Selbstlader_M1916
1700,Hispano-Suiza_HS.404
1701,Walther_MP_series
1702,Fakel_stun_grenade
1703,Blindicide
1704,Bergmann_MG_15nA
1705,Beretta_9000S
1706,Model_17_Eierhandgranate
1707,Berthier_Rifles
1708,Sage_Control_Ordnance_Deuce
1709,Steyr_ACR
1710,Walther_GSP
1711,Charleville_Musket
1712,Smith_%26_Wesson_.44_Double_Action
1713,Colt_Walker
1714,Kahr_T9
1715,PSS_Silent_Pistol
1716,Franchi_PA_Shotgun_Series
1717,2A38M_autocannon
1718,Bond_Arms_Derringer
1719,Bernardelli_Model_60
1720,Model_5210_Smoke_Grenade
1721,Valtro_PM5_Shotgun
1722,Villar_Perosa_M1915
1723,Remington_Model_870
1724,Beretta_Rx4_Storm
1725,8.8_cm_Pak_43
1726,Steyr_Mannlicher_Model_L
1727,TM-46_anti-tank_mine
1728,FGM-148_Javelin
1729,Maadi_Griffin
1730,Brown_Bess_Flintlock_Musket
1731,Model_17_Stielhandgranate
1732,Daniel_Defense_M4
1733,COP_357_Derringer
1734,Smith_%26_Wesson_Model_642
1735,RPG-40_anti-tank_grenade
1736,Colt_New_Service
1737,SIG_P210
1738,Smith_%26_Wesson_Model_29
1739,Varan_PMX-90
1740,Astra_Cadix
1741,Chang_Feng_CF-05
1742,RKG-3_anti-tank_grenade
1743,Ruger_Security_Six
1744,Flammenwerfer_35
1745,TOZ-87
1746,MG_FF_cannon
1747,Vz._52_Rifle
1748,MAS_FR_F1
1749,Sterling_Arms_Model_400
1750,Mauser_Kleinkaliber-B%C3%BCchsen
1751,FN_Model_1905
1752,Taurus_Model_617
1753,Noreen_Bad_News
1754,M19_anti-tank_mine
1755,Dreyse_Model_1907
1756,M1941_Johnson_machine_gun
1757,2.8_cm_sPzB_41
1758,Smith_%26_Wesson_Model_625
1759,M252_Mortar
1760,LSAT
1761,Heckler_%26_Koch_XM8
1762,Taurus_Raging_Bull
1763,Star_Z-45
1764,Martini-Henry_Rifle_Series
1765,Spike%27s_Tactical_Havoc_Launcher
1766,W%C3%A4nzl_Rifle
1767,Mecar_M72_hand_grenade
1768,Dreyse_Needle_Gun
1769,Howa_Type_89
1770,Intratec_CAT_Series_of_Pistols
1771,Type_90_Signal_Pistol
1772,Smith_%26_Wesson_Model_30
1773,Jezail_Musket
1774,Makarov_PM
1775,Flammenwerfer_M.16
1776,Izhmash_Los
1777,Accuracy_International_AS50
1778,Kiraly_Submachine_Gun
1779,Arsenal_Shipka
1780,Blunderbuss
1781,Colt_Double_Eagle
1782,FMK-3
1783,Becker_%26_Hollander_Beholla
1784,Holland_%26_Holland_Paradox
1785,MAC_Mle_1950
1786,Zastava_M76
1787,Panzerfaust
1788,Remington_R25
1789,PPS-43
1790,CZ_45
1791,SAR_21
1792,Heckler_%26_Koch_XM29_Objective_Individual_Combat_Weapon
1793,Taser
1794,Cei-Rigotti
1795,(Desperado)_-_Codpiece_Revolver
